class+subject+stream+chapter,TOPIC CODE,Order,class+subject+stream+chapter+TopicCode,,,
C09PhMEFOR,1LM,14,C09PhMEFOR1LM,,NULL,NULL
C09PhMEFOR,2LM,16,C09PhMEFOR2LM,,NULL,NULL
C09PhMEFOR,3LM,18,C09PhMEFOR3LM,,NULL,NULL
C09PhMEREM,ACC,6,C09PhMEREMACC,,NULL,NULL
C08PhMESND,AIS,19,C08PhMESNDAIS,,NULL,NULL
C09MaALPOL,ALE,12,C09MaALPOLALE,,NULL,NULL
C10MaALPLE,ALF,11,C10MaALPLEALF,,NULL,NULL
C06MaGEUES,ANG,22,C06MaGEUESANG,,NULL,NULL
C07MaGETRI,ANH,27,C07MaGETRIANH,,NULL,NULL
C09MaGELAA,ANI,23,C09MaGELAAANI,,NULL,NULL
C09MaGEQUA,ANJ,29,C09MaGEQUAANJ,,NULL,NULL
C09MaGECIR,ANL,42,C09MaGECIRANL,,NULL,NULL
C09PhMESOU,AOU,53,C09PhMESOUAOU,,NULL,NULL
C07MaSTDHA,APM,13,C07MaSTDHAAPM,,NULL,NULL
C07MaALSEQ,APN,19,C07MaALSEQAPN,,NULL,NULL
C07MaMEPAA,APO,51,C07MaMEPAAAPO,,NULL,NULL
C08MaNSCOM,APP,34,C08MaNSCOMAPP,,NULL,NULL
C08MaCGITG,APQ,60,C08MaCGITGAPQ,,NULL,NULL
C10MaCGCGE,ARA,30,C10MaCGCGEARA,,NULL,NULL
C10MaMEARC,ARB,40,C10MaMEARCARB,,NULL,NULL
C10MaMEARC,ARC,41,C10MaMEARCARC,,NULL,NULL
C10MaMEARC,ARD,42,C10MaMEARCARD,,NULL,NULL
C10MaMESAV,ARE,44,C10MaMESAVARE,,NULL,NULL
C07MaSTDHA,ARF,11,C07MaSTDHAARF,,NULL,NULL
C09MaMEHFO,ARG,47,C09MaMEHFOARG,,NULL,NULL
C09MaMEHFO,ARH,46,C09MaMEHFOARH,,NULL,NULL
C06PhEMFWM,ARM,25,C06PhEMFWMARM,,NULL,NULL
C09PhMEGRV,ARP,30,C09PhMEGRVARP,,NULL,NULL
C06MaMEMEN,ARR,47,C06MaMEMENARR,,NULL,NULL
C07MaMEPAA,ARS,47,C07MaMEPAAARS,,NULL,NULL
C07MaMEPAA,ART,48,C07MaMEPAAART,,NULL,NULL
C07MaMEPAA,ARU,49,C07MaMEPAAARU,,NULL,NULL
C08MaMEMEN,ARV,44,C08MaMEMENARV,,NULL,NULL
C08MaMEMEN,ARW,45,C08MaMEMENARW,,NULL,NULL
C08MaMEMEN,ARX,46,C08MaMEMENARX,,NULL,NULL
C08MaMEMEN,ARY,47,C08MaMEMENARY,,NULL,NULL
C10MaGESIM,ARZ,26,C10MaGESIMARZ,,NULL,NULL
C06MaNSINT,ASA,28,C06MaNSINTASA,,NULL,NULL
C06MaNSFRA,ASB,34,C06MaNSFRAASB,,NULL,NULL
C06MaNSDEC,ASC,38,C06MaNSDECASC,,NULL,NULL
C07MaALAEX,ASD,56,C07MaALAEXASD,,NULL,NULL
C09MaGECIR,ASK,41,C09MaGECIRASK,,NULL,NULL
C08PhMESND,ATF,17,C08PhMESNDATF,,NULL,NULL
C08PhMEFRP,ATP,5,C08PhMEFRPATP,,NULL,NULL
C06PhEMEAC,BAC,17,C06PhEMEACBAC,,NULL,NULL
C06MaSTDHA,BAI,42,C06MaSTDHABAI,,NULL,NULL
C08PhLTLTE,BRS,37,C08PhLTLTEBRS,,NULL,NULL
C09PhMEFOR,BUF,13,C09PhMEFORBUF,,NULL,NULL
C09PhMEGRV,BUY,29,C09PhMEGRVBUY,,NULL,NULL
C09MaCGCGE,CAJ,14,C09MaCGCGECAJ,,NULL,NULL
C08PhUNSAS,CBM,38,C08PhUNSASCBM,,NULL,NULL
C07PhEMECI,CBR,15,C07PhEMECICBR,,NULL,NULL
C08PhEMCEC,CEL,22,C08PhEMCECCEL,,NULL,NULL
C08PhEMCEC,CEU,23,C08PhEMCECCEU,,NULL,NULL
C07MaSTDHA,CHK,14,C07MaSTDHACHK,,NULL,NULL
C08MaSTDHA,CHL,17,C08MaSTDHACHL,,NULL,NULL
C08MaNSCOM,CHM,29,C08MaNSCOMCHM,,NULL,NULL
C09MaGECIR,CHN,39,C09MaGECIRCHN,,NULL,NULL
C07PhEMECI,CHT,16,C07PhEMECICHT,,NULL,NULL
C07MaMEPAA,CIO,50,C07MaMEPAACIO,,NULL,NULL
C09MaGECIR,CIP,37,C09MaGECIRCIP,,NULL,NULL
C09MaGECIR,CIQ,38,C09MaGECIRCIQ,,NULL,NULL
C10PhEMELC,CKD,24,C10PhEMELCCKD,,NULL,NULL
C06MaGEUES,CLR,23,C06MaGEUESCLR,,NULL,NULL
C06MaGEUES,CLS,24,C06MaGEUESCLS,,NULL,NULL
C07MaGETRI,CLT,28,C07MaGETRICLT,,NULL,NULL
C07PhEMECI,CME,19,C07PhEMECICME,,NULL,NULL
C06MaGEPGE,COA,62,C06MaGEPGECOA,,NULL,NULL
C06MaGEPGE,COB,65,C06MaGEPGECOB,,NULL,NULL
C07MaGETRI,COC,29,C07MaGETRICOC,,NULL,NULL
C07MaGECOT,COD,32,C07MaGECOTCOD,,NULL,NULL
C07MaGECOT,COE,34,C07MaGECOTCOE,,NULL,NULL
C07MaGEPGE,COF,45,C07MaGEPGECOF,,NULL,NULL
C07MaGEPGE,COG,46,C07MaGEPGECOG,,NULL,NULL
C08MaGEPGE,COH,14,C08MaGEPGECOH,,NULL,NULL
C09MaGETRI,COI,24,C09MaGETRICOI,,NULL,NULL
C09MaGEQUA,COJ,30,C09MaGEQUACOJ,,NULL,NULL
C09PhMEFOR,COM,19,C09PhMEFORCOM,,NULL,NULL
C08PhUNSAS,CON,40,C08PhUNSASCON,,NULL,NULL
C06MaNSKTM,COU,2,C06MaNSKTMCOU,,NULL,NULL
C06MaNSPWN,COV,13,C06MaNSPWNCOV,,NULL,NULL
C07MaNSRNU,COW,43,C07MaNSRNUCOW,,NULL,NULL
C08MaNSCOM,COX,33,C08MaNSCOMCOX,,NULL,NULL
C10MaMESAV,COY,43,C10MaMESAVCOY,,NULL,NULL
C06MaGEPGE,COZ,61,C06MaGEPGECOZ,,NULL,NULL
C07MaGECOT,CRK,33,C07MaGECOTCRK,,NULL,NULL
C09MaGETRI,CRL,25,C09MaGETRICRL,,NULL,NULL
C10MaGESIM,CRM,25,C10MaGESIMCRM,,NULL,NULL
C07PhEMECI,CSC,17,C07PhEMECICSC,,NULL,NULL
C10PhHESOE,CSE,38,C10PhHESOECSE,,NULL,NULL
C09PhMESOU,CSW,47,C09PhMESOUCSW,,NULL,NULL
C08PhEMSNP,CTI,26,C08PhEMSNPCTI,,NULL,NULL
C09PhMEWPE,CUE,42,C09PhMEWPECUE,,NULL,NULL
C08MaNSCCR,CUN,26,C08MaNSCCRCUN,,NULL,NULL
C08MaNSCCR,CUO,27,C08MaNSCCRCUO,,NULL,NULL
C09MaMESAV,CUP,48,C09MaMESAVCUP,,NULL,NULL
C09MaGECIR,CYQ,43,C09MaGECIRCYQ,,NULL,NULL
C09MaMESAV,CYR,49,C09MaMESAVCYR,,NULL,NULL
C10PhLTHEY,DBP,19,C10PhLTHEYDBP,,NULL,NULL
C10PhEMMEC,DEC,36,C10PhEMMECDEC,,NULL,NULL
C07MaNSEAP,DES,61,C07MaNSEAPDES,,NULL,NULL
C06MaGEBGI,DET,19,C06MaGEBGIDET,,NULL,NULL
C06MaMEMEN,DEU,46,C06MaMEMENDEU,,NULL,NULL
C09MaGELAA,DEV,21,C09MaGELAADEV,,NULL,NULL
C06MaNSPWN,DIA,12,C06MaNSPWNDIA,,NULL,NULL
C07MaNSINT,DIB,5,C07MaNSINTDIB,,NULL,NULL
C07MaNSFAD,DIC,7,C07MaNSFADDIC,,NULL,NULL
C07MaNSFAD,DID,9,C07MaNSFADDID,,NULL,NULL
C08MaALFAC,DIE,55,C08MaALFACDIE,,NULL,NULL
C10MaALPOL,DIF,7,C10MaALPOLDIF,,NULL,NULL
C10MaGECTR,DIG,38,C10MaGECTRDIG,,NULL,NULL
C07PhLTLIT,DII,11,C07PhLTLITDII,,NULL,NULL
C08PhLTLTE,DIS,34,C08PhLTLTEDIS,,NULL,NULL
C08MaGEUQU,DIW,10,C08MaGEUQUDIW,,NULL,NULL
C08MaNSDIP,DIX,52,C08MaNSDIPDIX,,NULL,NULL
C08MaNSCOM,DIY,30,C08MaNSCOMDIY,,NULL,NULL
C10MaCGCGE,DIZ,28,C10MaCGCGEDIZ,,NULL,NULL
C09PhMEREM,DMN,1,C09PhMEREMDMN,,NULL,NULL
C06PhEMFWM,DOM,21,C06PhEMFWMDOM,,NULL,NULL
C10PhLTHEY,DOV,17,C10PhLTHEYDOV,,NULL,NULL
C07PhMEMAT,DTG,10,C07PhMEMATDTG,,NULL,NULL
C10PhEMELC,ECC,22,C10PhEMELCECC,,NULL,NULL
C06PhEMEAC,ECI,20,C06PhEMEACECI,,NULL,NULL
C06PhEMEAC,ECK,18,C06PhEMEACECK,,NULL,NULL
C06PhEMEAC,ECL,16,C06PhEMEACECL,,NULL,NULL
C09PhMESOU,ECO,50,C09PhMESOUECO,,NULL,NULL
C08PhLTLTE,ECR,36,C08PhLTLTEECR,,NULL,NULL
C09PhMEWPE,EFC,39,C09PhMEWPEEFC,,NULL,NULL
C09PhMEREM,EGM,9,C09PhMEREMEGM,,NULL,NULL
C10PhHESOE,EIL,40,C10PhHESOEEIL,,NULL,NULL
C10PhEMMEC,ELG,35,C10PhEMMECELG,,NULL,NULL
C10PhEMMEC,ELM,33,C10PhEMMECELM,,NULL,NULL
C07PhEMECI,EMB,20,C07PhEMECIEMB,,NULL,NULL
C10PhEMMEC,EMI,34,C10PhEMMECEMI,,NULL,NULL
C09PhMEWPE,ENG,35,C09PhMEWPEENG,,NULL,NULL
C10PhLTHEY,EOR,20,C10PhLTHEYEOR,,NULL,NULL
C10PhEMELC,EPD,23,C10PhEMELCEPD,,NULL,NULL
C10PhEMELC,EPW,29,C10PhEMELCEPW,,NULL,NULL
C06MaNSFRA,EQH,32,C06MaNSFRAEQH,,NULL,NULL
C07MaNSCOM,EQI,35,C07MaNSCOMEQI,,NULL,NULL
C09MaALLET,EQJ,18,C09MaALLETEQJ,,NULL,NULL
C10MaALPLE,EQK,13,C10MaALPLEEQK,,NULL,NULL
C08PhEMSNP,EQU,28,C08PhEMSNPEQU,,NULL,NULL
C08MaNSSSR,ESL,24,C08MaNSSSRESL,,NULL,NULL
C06PhEMEAC,ESW,19,C06PhEMEACESW,,NULL,NULL
C09MaGEEGE,EUM,19,C09MaGEEGEEUM,,NULL,NULL
C10MaNSRNB,EUN,1,C10MaNSRNBEUN,,NULL,NULL
C07MaNSEAP,EXO,59,C07MaNSEAPEXO,,NULL,NULL
C09MaSTPBT,EXP,54,C09MaSTPBTEXP,,NULL,NULL
C07MaGETRI,EXQ,26,C07MaGETRIEXQ,,NULL,NULL
C10PhLTHEY,EYE,16,C10PhLTHEYEYE,,NULL,NULL
C09PhMEFOR,F2L,17,C09PhMEFORF2L,,NULL,NULL
C08PhMEFRN,FAF,7,C08PhMEFRNFAF,,NULL,NULL
C06MaNSPWN,FAR,10,C06MaNSPWNFAR,,NULL,NULL
C07MaGEVSS,FAS,66,C07MaGEVSSFAS,,NULL,NULL
C08MaGEVSS,FAT,43,C08MaGEVSSFAT,,NULL,NULL
C09MaALPOL,FAU,11,C09MaALPOLFAU,,NULL,NULL
C10PhEMMEC,FCM,32,C10PhEMMECFCM,,NULL,NULL
C09PhMEREM,FEQ,10,C09PhMEREMFEQ,,NULL,NULL
C09PhMEGRV,FFL,22,C09PhMEGRVFFL,,NULL,NULL
C09MaGEATP,FIV,33,C09MaGEATPFIV,,NULL,NULL
C07MaALAEX,FIW,57,C07MaALAEXFIW,,NULL,NULL
C08MaNSSSR,FIX,21,C08MaNSSSRFIX,,NULL,NULL
C08MaALFAC,FIY,56,C08MaALFACFIY,,NULL,NULL
C08PhMEFRN,FLF,11,C08PhMEFRNFLF,,NULL,NULL
C08MaALLEO,FOA,5,C08MaALLEOFOA,,NULL,NULL
C09MaGELAA,FOB,20,C09MaGELAAFOB,,NULL,NULL
C08PhMEFRP,FOC,1,C08PhMEFRPFOC,,NULL,NULL
C09PhMEWPE,FOE,36,C09PhMEWPEFOE,,NULL,NULL
C08PhMEFRN,FOF,6,C08PhMEFRNFOF,,NULL,NULL
C07MaALAEX,FOZ,58,C07MaALAEXFOZ,,NULL,NULL
C06MaNSFRA,FRC,31,C06MaNSFRAFRC,,NULL,NULL
C07MaALSEQ,FRD,18,C07MaALSEQFRD,,NULL,NULL
C10MaNSRNB,FUE,2,C10MaNSRNBFUE,,NULL,NULL
C09PhMEREM,GDT,7,C09PhMEREMGDT,,NULL,NULL
C10MaALPOL,GEF,5,C10MaALPOLGEF,,NULL,NULL
C09MaGECTR,GIG,45,C09MaGECTRGIG,,NULL,NULL
C10MaALPLE,GRH,10,C10MaALPLEGRH,,NULL,NULL
C10MaSTSTA,GRI,49,C10MaSTSTAGRI,,NULL,NULL
C08MaSTDHA,GRJ,15,C08MaSTDHAGRJ,NULL,NULL,NULL
C09PhMEGRV,GRV,20,C09PhMEGRVGRV,NULL,NULL,NULL
C10PhHESOE,GSE,37,C10PhHESOEGSE,NULL,NULL,NULL
C07PhHEHET,HAC,1,C07PhHEHETHAC,NULL,NULL,NULL
C07PhEMECI,HEC,18,C07PhEMECIHEC,NULL,NULL,NULL
C10MaTRITT,HEK,35,C10MaTRITTHEK,NULL,NULL,NULL
C08PhMESND,HES,16,C08PhMESNDHES,NULL,NULL,NULL
C10PhEMELC,HEU,28,C10PhEMELCHEU,NULL,NULL,NULL
C06MaNSPWN,HIL,15,C06MaNSPWNHIL,NULL,NULL,NULL
C07MaALAEX,HOM,52,C07MaALAEXHOM,NULL,NULL,NULL
C09PhMESOU,HRA,52,C09PhMESOUHRA,NULL,NULL,NULL
C09PhMESOU,HUE,55,C09PhMESOUHUE,NULL,NULL,NULL
C09PhMEFOR,IAM,15,C09PhMEFORIAM,NULL,NULL,NULL
C07PhLTLIT,IBL,13,C07PhLTLITIBL,NULL,NULL,NULL
C08PhMEFRN,IDF,9,C08PhMEFRNIDF,NULL,NULL,NULL
C10PhLTLRR,IFL,12,C10PhLTLRRIFL,NULL,NULL,NULL
C06MaGESYM,INA,57,C06MaGESYMINA,NULL,NULL,NULL
C06MaGEPGE,INB,60,C06MaGEPGEINB,NULL,NULL,NULL
C07MaNSINT,INC,1,C07MaNSINTINC,NULL,NULL,NULL
C07MaSTDHA,IND,10,C07MaSTDHAIND,NULL,NULL,NULL
C07MaGELAA,INE,20,C07MaGELAAINE,NULL,NULL,NULL
C07MaGETRI,INF,24,C07MaGETRIINF,NULL,NULL,NULL
C07MaGECOT,ING,31,C07MaGECOTING,NULL,NULL,NULL
C07MaNSRNU,INH,40,C07MaNSRNUINH,NULL,NULL,NULL
C08MaNSDIP,INI,53,C08MaNSDIPINI,NULL,NULL,NULL
C08MaALLEO,INJ,4,C08MaALLEOINJ,NULL,NULL,NULL
C08MaGEUQU,INK,9,C08MaGEUQUINK,NULL,NULL,NULL
C08MaNSSSR,INL,18,C08MaNSSSRINL,NULL,NULL,NULL
C08MaNSSSR,INM,20,C08MaNSSSRINM,NULL,NULL,NULL
C06MaNSKTM,INN,1,C06MaNSKTMINN,NULL,NULL,NULL
C06MaNSWHN,INO,6,C06MaNSWHNINO,NULL,NULL,NULL
C06MaGEBGI,INP,16,C06MaGEBGIINP,NULL,NULL,NULL
C06MaGEBGI,INQ,18,C06MaGEBGIINQ,NULL,NULL,NULL
C06MaGEBGI,INR,20,C06MaGEBGIINR,NULL,NULL,NULL
C06MaNSINT,INS,26,C06MaNSINTINS,NULL,NULL,NULL
C06MaNSFRA,INT,29,C06MaNSFRAINT,NULL,NULL,NULL
C06MaNSDEC,INU,35,C06MaNSDECINU,NULL,NULL,NULL
C06MaNSDEC,INV,37,C06MaNSDECINV,NULL,NULL,NULL
C06MaSTDHA,INW,39,C06MaSTDHAINW,NULL,NULL,NULL
C06MaMEMEN,INX,43,C06MaMEMENINX,NULL,NULL,NULL
C06MaALITA,INY,48,C06MaALITAINY,NULL,NULL,NULL
C06MaNSRAP,INZ,53,C06MaNSRAPINZ,NULL,NULL,NULL
C08PhLTLTE,IOE,35,C08PhLTLTEIOE,NULL,NULL,NULL
C09MaNSNSY,IRJ,2,C09MaNSNSYIRJ,NULL,NULL,NULL
C07MaGEVSS,IXI,65,C07MaGEVSSIXI,NULL,NULL,NULL
C09MaSTSTA,IYA,51,C09MaSTSTAIYA,NULL,NULL,NULL
C10MaALPOL,IYB,4,C10MaALPOLIYB,NULL,NULL,NULL
C10MaALPLE,IYC,8,C10MaALPLEIYC,NULL,NULL,NULL
C10MaALQEQ,IYD,14,C10MaALQEQIYD,NULL,NULL,NULL
C10MaALAPR,IYE,19,C10MaALAPRIYE,NULL,NULL,NULL
C10MaGESIM,IYF,22,C10MaGESIMIYF,NULL,NULL,NULL
C10MaTRITT,IYG,31,C10MaTRITTIYG,NULL,NULL,NULL
C10MaMESAV,IYH,45,C10MaMESAVIYH,NULL,NULL,NULL
C08MaNSCCR,IYN,25,C08MaNSCCRIYN,NULL,NULL,NULL
C08MaALAEI,IYO,38,C08MaALAEIIYO,NULL,NULL,NULL
C08MaGEVSS,IYP,40,C08MaGEVSSIYP,NULL,NULL,NULL
C08MaNSDIP,IYQ,51,C08MaNSDIPIYQ,NULL,NULL,NULL
C08MaALFAC,IYR,54,C08MaALFACIYR,NULL,NULL,NULL
C08MaCGITG,IYS,57,C08MaCGITGIYS,NULL,NULL,NULL
C09MaNSNSY,IYT,1,C09MaNSNSYIYT,NULL,NULL,NULL
C09MaALPOL,IYU,7,C09MaALPOLIYU,NULL,NULL,NULL
C09MaCGCGE,IYV,13,C09MaCGCGEIYV,NULL,NULL,NULL
C09MaALLET,IYW,16,C09MaALLETIYW,NULL,NULL,NULL
C09MaGEQUA,IYX,28,C09MaGEQUAIYX,NULL,NULL,NULL
C09MaGEATP,IYY,32,C09MaGEATPIYY,NULL,NULL,NULL
C09MaGECIR,IYZ,36,C09MaGECIRIYZ,NULL,NULL,NULL
C08PhLTLTE,KDS,33,C08PhLTLTEKDS,NULL,NULL,NULL
C09PhMEWPE,KIE,37,C09PhMEWPEKIE,NULL,NULL,NULL
C08MaGEUQU,KIK,11,C08MaGEUQUKIK,NULL,NULL,NULL
C08MaGEUQU,KIL,13,C08MaGEUQUKIL,NULL,NULL,NULL
C06MaNSKTM,LAM,3,C06MaNSKTMLAM,NULL,NULL,NULL
C07MaNSEAP,LAN,60,C07MaNSEAPLAN,NULL,NULL,NULL
C09MaNSNSY,LAO,6,C09MaNSNSYLAO,NULL,NULL,NULL
C08PhMESND,LAP,18,C08PhMESNDLAP,NULL,NULL,NULL
C08PhEMSNP,LAS,27,C08PhEMSNPLAS,NULL,NULL,NULL
C07PhHEHET,LBT,3,C07PhHEHETLBT,NULL,NULL,NULL
C09PhMEWPE,LCE,40,C09PhMEWPELCE,NULL,NULL,NULL
C08MaNSPWN,LEP,62,C08MaNSPWNLEP,NULL,NULL,NULL
C06MaNSFRA,LIQ,33,C06MaNSFRALIQ,NULL,NULL,NULL
C07MaALAEX,LIR,54,C07MaALAEXLIR,NULL,NULL,NULL
C06MaGEBGI,LIS,17,C06MaGEBGILIS,NULL,NULL,NULL
C06MaGESYM,LIT,58,C06MaGESYMLIT,NULL,NULL,NULL
C07MaGESYM,LIU,62,C07MaGESYMLIU,NULL,NULL,NULL
C07MaGESYM,LIV,64,C07MaGESYMLIV,NULL,NULL,NULL
C08MaCGITG,LIW,59,C08MaCGITGLIW,NULL,NULL,NULL
C10PhLTLRR,LMF,14,C10PhLTLRRLMF,NULL,NULL,NULL
C08PhEMSNP,LNG,24,C08PhEMSNPLNG,NULL,NULL,NULL
C06PhLTLSR,LNL,9,C06PhLTLSRLNL,NULL,NULL,NULL
C09PhMEGRV,LOG,21,C09PhMEGRVLOG,NULL,NULL,NULL
C10PhLTLRR,LSC,13,C10PhLTLRRLSC,NULL,NULL,NULL
C06PhLTLSR,LTS,14,C06PhLTLSRLTS,NULL,NULL,NULL
C08PhLTLTE,LWR,30,C08PhLTLTELWR,NULL,NULL,NULL
C06PhLTLSR,MAR,13,C06PhLTLSRMAR,NULL,NULL,NULL
C09PhMEGRV,MAS,25,C09PhMEGRVMAS,NULL,NULL,NULL
C07MaNSINT,MAX,4,C07MaNSINTMAX,NULL,NULL,NULL
C08MaGEVSS,MAY,42,C08MaGEVSSMAY,NULL,NULL,NULL
C06PhMEMMD,MCL,6,C06PhMEMMDMCL,NULL,NULL,NULL
C06PhMEMMD,MCY,5,C06PhMEMMDMCY,NULL,NULL,NULL
C07PhMEMAT,MDI,7,C07PhMEMATMDI,NULL,NULL,NULL
C09MaSTSTA,MEA,53,C09MaSTSTAMEA,NULL,NULL,NULL
C10MaSTSTA,MEB,46,C10MaSTSTAMEB,NULL,NULL,NULL
C07MaGETRI,MEC,25,C07MaGETRIMEC,NULL,NULL,NULL
C10MaSTSTA,MED,48,C10MaSTSTAMED,NULL,NULL,NULL
C06PhMEMMD,MET,3,C06PhMEMMDMET,NULL,NULL,NULL
C06MaGEUES,MEZ,21,C06MaGEUESMEZ,NULL,NULL,NULL
C10PhEMMEC,MFC,31,C10PhEMMECMFC,NULL,NULL,NULL
C09MaGEQUA,MIE,31,C09MaGEQUAMIE,NULL,NULL,NULL
C10PhLTLRR,MIF,4,C10PhLTLRRMIF,NULL,NULL,NULL
C10PhLTLRR,MIR,3,C10PhLTLRRMIR,NULL,NULL,NULL
C10PhEMMEC,MLF,30,C10PhEMMECMLF,NULL,NULL,NULL
C10PhLTLRR,MMF,7,C10PhLTLRRMMF,NULL,NULL,NULL
C06PhEMFWM,MNM,22,C06PhEMFWMMNM,NULL,NULL,NULL
C07MaSTDHA,MOF,12,C07MaSTDHAMOF,NULL,NULL,NULL
C10MaSTSTA,MOG,47,C10MaSTSTAMOG,NULL,NULL,NULL
C06PhMEMMD,MOT,7,C06PhMEMMDMOT,NULL,NULL,NULL
C06PhEMFWM,MPO,23,C06PhEMFWMMPO,NULL,NULL,NULL
C08PhMESND,MPS,15,C08PhMESNDMPS,NULL,NULL,NULL
C08PhLTLTE,MRE,32,C08PhLTLTEMRE,NULL,NULL,NULL
C07PhMEMAT,MSD,9,C07PhMEMATMSD,NULL,NULL,NULL
C09PhMEREM,MSL,2,C09PhMEREMMSL,NULL,NULL,NULL
C07PhMEMAT,MTI,8,C07PhMEMATMTI,NULL,NULL,NULL
C09PhMEGRV,MUG,24,C09PhMEGRVMUG,NULL,NULL,NULL
C07MaNSINT,MUH,3,C07MaNSINTMUH,NULL,NULL,NULL
C07MaNSFAD,MUI,6,C07MaNSFADMUI,NULL,NULL,NULL
C07MaNSFAD,MUJ,8,C07MaNSFADMUJ,NULL,NULL,NULL
C08MaALAEI,MUK,35,C08MaALAEIMUK,NULL,NULL,NULL
C08MaALAEI,MUL,36,C08MaALAEIMUL,NULL,NULL,NULL
C08MaALAEI,MUM,37,C08MaALAEIMUM,NULL,NULL,NULL
C08PhMESND,NAM,20,C08PhMESNDNAM,NULL,NULL,NULL
C10MaALQEQ,NAN,18,C10MaALQEQNAN,NULL,NULL,NULL
C08PhMEFRP,NCF,2,C08PhMEFRPNCF,NULL,NULL,NULL
C08PhMEFRN,NOF,8,C08PhMEFRNNOF,NULL,NULL,NULL
C06PhMEMMD,NOM,2,C06PhMEMMDNOM,NULL,NULL,NULL
C06MaALITA,NOO,51,C06MaALITANOO,NULL,NULL,NULL
C08PhMESND,NOP,21,C08PhMESNDNOP,NULL,NULL,NULL
C10PhHESOE,NSE,39,C10PhHESOENSE,NULL,NULL,NULL
C10MaALAPR,NTP,20,C10MaALAPRNTP,NULL,NULL,NULL
C09PhMEREM,NUM,4,C09PhMEREMNUM,NULL,NULL,NULL
C06MaNSWHN,NUQ,8,C06MaNSWHNNUQ,NULL,NULL,NULL
C08MaNSPWN,NUR,61,C08MaNSPWNNUR,NULL,NULL,NULL
C10MaGECIR,NUS,37,C10MaGECIRNUS,NULL,NULL,NULL
C10PhEMELC,OML,25,C10PhEMELCOML,NULL,NULL,NULL
C07MaNSRNU,OPT,44,C07MaNSRNUOPT,NULL,NULL,NULL
C09MaNSNSY,OPU,5,C09MaNSNSYOPU,NULL,NULL,NULL
C06MaNSINT,ORV,27,C06MaNSINTORV,NULL,NULL,NULL
C06MaSTDHA,ORW,40,C06MaSTDHAORW,NULL,NULL,NULL
C09MaGEATP,PAA,34,C09MaGEATPPAA,NULL,NULL,NULL
C06MaNSWHN,PAB,9,C06MaNSWHNPAB,NULL,NULL,NULL
C07MaGELAA,PAX,22,C07MaGELAAPAX,NULL,NULL,NULL
C10MaALPLE,PAY,9,C10MaALPLEPAY,NULL,NULL,NULL
C08MaGEUQU,PAZ,12,C08MaGEUQUPAZ,NULL,NULL,NULL
C06MaMEMEN,PEC,44,C06MaMEMENPEC,NULL,NULL,NULL
C06MaMEMEN,PED,45,C06MaMEMENPED,NULL,NULL,NULL
C06MaGEPGE,PEE,63,C06MaGEPGEPEE,NULL,NULL,NULL
C06MaGEPGE,PEF,64,C06MaGEPGEPEF,NULL,NULL,NULL
C07MaNSCOM,PEG,36,C07MaNSCOMPEG,NULL,NULL,NULL
C09MaGECTR,PEH,44,C09MaGECTRPEH,NULL,NULL,NULL
C10MaGECTR,PEI,39,C10MaGECTRPEI,NULL,NULL,NULL
C06PhLTLSR,PIC,12,C06PhLTLSRPIC,NULL,NULL,NULL
C09PhMEGRV,PIF,28,C09PhMEGRVPIF,NULL,NULL,NULL
C06MaSTDHA,PIJ,41,C06MaSTDHAPIJ,NULL,NULL,NULL
C08MaSTDHA,PIK,16,C08MaSTDHAPIK,NULL,NULL,NULL
C10PhLTLRR,PIL,15,C10PhLTLRRPIL,NULL,NULL,NULL
C08PhMEFRP,PLG,4,C08PhMEFRPPLG,NULL,NULL,NULL
C09MaCGCGE,PLL,15,C09MaCGCGEPLL,NULL,NULL,NULL
C09PhMESOU,POF,43,C09PhMESOUPOF,NULL,NULL,NULL
C07MaALAEX,POM,55,C07MaALAEXPOM,NULL,NULL,NULL
C09MaALPOL,PON,8,C09MaALPOLPON,NULL,NULL,NULL
C08MaNSEAP,POO,49,C08MaNSEAPPOO,NULL,NULL,NULL
C08PhMESND,POS,13,C08PhMESNDPOS,NULL,NULL,NULL
C09PhMEWPE,POW,41,C09PhMEWPEPOW,NULL,NULL,NULL
C08MaNSCOM,PRA,31,C08MaNSCOMPRA,NULL,NULL,NULL
C09MaGETRI,PRB,26,C09MaGETRIPRB,NULL,NULL,NULL
C09MaGECIR,PRC,40,C09MaGECIRPRC,NULL,NULL,NULL
C10MaGESIM,PRD,27,C10MaGESIMPRD,NULL,NULL,NULL
C08PhMEFRP,PRE,3,C08PhMEFRPPRE,NULL,NULL,NULL
C09MaSTSTA,PRP,52,C09MaSTSTAPRP,NULL,NULL,NULL
C06MaNSPWN,PRQ,11,C06MaNSPWNPRQ,NULL,NULL,NULL
C06MaNSPWN,PRR,14,C06MaNSPWNPRR,NULL,NULL,NULL
C07MaNSCOM,PRS,38,C07MaNSCOMPRS,NULL,NULL,NULL
C06MaNSWHN,PRT,7,C06MaNSWHNPRT,NULL,NULL,NULL
C06MaNSFRA,PRU,30,C06MaNSFRAPRU,NULL,NULL,NULL
C06MaNSRAP,PRV,55,C06MaNSRAPPRV,NULL,NULL,NULL
C07MaNSINT,PRW,2,C07MaNSINTPRW,NULL,NULL,NULL
C07MaGELAA,PRX,23,C07MaGELAAPRX,NULL,NULL,NULL
C08MaNSRNU,PRY,1,C08MaNSRNUPRY,NULL,NULL,NULL
C08MaNSSSR,PRZ,19,C08MaNSSSRPRZ,NULL,NULL,NULL
C07PhLTLIT,PSM,12,C07PhLTLITPSM,NULL,NULL,NULL
C09PhMEWPE,PTE,38,C09PhMEWPEPTE,NULL,NULL,NULL
C10MaALQEQ,QUE,15,C10MaALQEQQUE,NULL,NULL,NULL
C06MaNSRAP,RAF,54,C06MaNSRAPRAF,NULL,NULL,NULL
C07MaNSRNU,RAG,42,C07MaNSRNURAG,NULL,NULL,NULL
C08MaNSRNU,RAH,2,C08MaNSRNURAH,NULL,NULL,NULL
C08MaNSCOM,RAI,28,C08MaNSCOMRAI,NULL,NULL,NULL
C10MaNSRNB,RAJ,3,C10MaNSRNBRAJ,NULL,NULL,NULL
C08PhEMSNP,RBC,25,C08PhEMSNPRBC,NULL,NULL,NULL
C09PhMEGRV,RED,31,C09PhMEGRVRED,NULL,NULL,NULL
C09MaNSNSY,REK,3,C09MaNSNSYREK,NULL,NULL,NULL
C09MaNSNSY,REL,4,C09MaNSNSYREL,NULL,NULL,NULL
C08MaNSRNU,REM,3,C08MaNSRNUREM,NULL,NULL,NULL
C08MaALLEO,REN,8,C08MaALLEOREN,NULL,NULL,NULL
C06MaGESYM,REO,59,C06MaGESYMREO,NULL,NULL,NULL
C07MaGELAA,REP,21,C07MaGELAAREP,NULL,NULL,NULL
C10MaALPOL,REQ,6,C10MaALPOLREQ,NULL,NULL,NULL
C09MaALPOL,RER,10,C09MaALPOLRER,NULL,NULL,NULL
C08MaNSEAP,RES,50,C08MaNSEAPRES,NULL,NULL,NULL
C09MaALLET,RET,17,C09MaALLETRET,NULL,NULL,NULL
C10PhEMELC,RFR,26,C10PhEMELCRFR,NULL,NULL,NULL
C10PhLTHEY,RGP,18,C10PhLTHEYRGP,NULL,NULL,NULL
C10PhLTLRR,RGS,10,C10PhLTLRRRGS,NULL,NULL,NULL
C06PhLTLSR,RIL,15,C06PhLTLSRRIL,NULL,NULL,NULL
C07MaGETRI,RIU,30,C07MaGETRIRIU,NULL,NULL,NULL
C09PhMESOU,ROF,49,C09PhMESOUROF,NULL,NULL,NULL
C10PhLTLRR,ROL,1,C10PhLTLRRROL,NULL,NULL,NULL
C07PhMEMAT,ROM,6,C07PhMEMATROM,NULL,NULL,NULL
C06MaNSKTM,ROV,5,C06MaNSKTMROV,NULL,NULL,NULL
C07MaGESYM,ROW,63,C07MaGESYMROW,NULL,NULL,NULL
C10PhLTLRR,RRL,8,C10PhLTLRRRRL,NULL,NULL,NULL
C10PhLTLRR,RRR,9,C10PhLTLRRRRR,NULL,NULL,NULL
C10PhLTLRR,RSL,11,C10PhLTLRRRSL,NULL,NULL,NULL
C06MaALITA,RUX,49,C06MaALITARUX,NULL,NULL,NULL
C09PhMESOU,RVN,51,C09PhMESOURVN,NULL,NULL,NULL
C09PhMESOU,SAM,45,C09PhMESOUSAM,NULL,NULL,NULL
C08MaNSCOM,SAY,32,C08MaNSCOMSAY,NULL,NULL,NULL
C08PhMESND,SBH,14,C08PhMESNDSBH,NULL,NULL,NULL
C07PhHEHET,SCL,5,C07PhHEHETSCL,NULL,NULL,NULL
C10PhLTLRR,SCM,6,C10PhLTLRRSCM,NULL,NULL,NULL
C07MaALSEQ,SEA,15,C07MaALSEQSEA,NULL,NULL,NULL
C09PhMEREM,SEQ,11,C09PhMEREMSEQ,NULL,NULL,NULL
C10MaCGCGE,SEZ,29,C10MaCGCGESEZ,NULL,NULL,NULL
C06PhLTLSR,SHA,11,C06PhLTLSRSHA,NULL,NULL,NULL
C07MaNSCOM,SIB,39,C07MaNSCOMSIB,NULL,NULL,NULL
C10MaGESIM,SIC,23,C10MaGESIMSIC,NULL,NULL,NULL
C10MaGESIM,SID,24,C10MaGESIMSID,NULL,NULL,NULL
C09PhMESOU,SLW,46,C09PhMESOUSLW,NULL,NULL,NULL
C06MaALITA,SOE,52,C06MaALITASOE,NULL,NULL,NULL
C07MaALSEQ,SOF,17,C07MaALSEQSOF,NULL,NULL,NULL
C07MaGEVSS,SOG,67,C07MaGEVSSSOG,NULL,NULL,NULL
C08MaALLEO,SOH,6,C08MaALLEOSOH,NULL,NULL,NULL
C08MaALLEO,SOI,7,C08MaALLEOSOI,NULL,NULL,NULL
C10MaALQEQ,SOJ,16,C10MaALQEQSOJ,NULL,NULL,NULL
C10MaALQEQ,SOK,17,C10MaALQEQSOK,NULL,NULL,NULL
C10PhLTHEY,SOL,21,C10PhLTHEYSOL,NULL,NULL,NULL
C09PhMESOU,SON,54,C09PhMESOUSON,NULL,NULL,NULL
C09MaMESAV,SPL,50,C09MaMESAVSPL,NULL,NULL,NULL
C10PhLTLRR,SPM,2,C10PhLTLRRSPM,NULL,NULL,NULL
C09PhMESOU,SPN,44,C09PhMESOUSPN,NULL,NULL,NULL
C10PhEMELC,SPR,27,C10PhEMELCSPR,NULL,NULL,NULL
C08MaNSSSR,SQM,22,C08MaNSSSRSQM,NULL,NULL,NULL
C08MaNSSSR,SQN,23,C08MaNSSSRSQN,NULL,NULL,NULL
C09PhMESOU,SSM,48,C09PhMESOUSSM,NULL,NULL,NULL
C08PhUNSAS,SSQ,41,C08PhUNSASSSQ,NULL,NULL,NULL
C08MaALAEI,STO,39,C08MaALAEISTO,NULL,NULL,NULL
C06PhMEMMD,SUM,4,C06PhMEMMDSUM,NULL,NULL,NULL
C07PhLTLIT,SUN,14,C07PhLTLITSUN,NULL,NULL,NULL
C10MaALPLE,SUP,12,C10MaALPLESUP,NULL,NULL,NULL
C10MaALAPR,SUQ,21,C10MaALAPRSUQ,NULL,NULL,NULL
C09PhMEGRV,TAP,27,C09PhMEGRVTAP,NULL,NULL,NULL
C10MaGECIR,TAR,36,C10MaGECIRTAR,NULL,NULL,NULL
C07PhHEHET,TEM,2,C07PhHEHETTEM,NULL,NULL,NULL
C09PhMEREM,TEQ,12,C09PhMEREMTEQ,NULL,NULL,NULL
C06MaNSDEC,TES,36,C06MaNSDECTES,NULL,NULL,NULL
C07MaALAEX,TET,53,C07MaALAEXTET,NULL,NULL,NULL
C08MaNSPWN,TEU,63,C08MaNSPWNTEU,NULL,NULL,NULL
C09MaGELAA,THV,22,C09MaGELAATHV,NULL,NULL,NULL
C10MaSTPBT,THW,50,C10MaSTPBTTHW,NULL,NULL,NULL
C06MaGEUES,THX,25,C06MaGEUESTHX,NULL,NULL,NULL
C07PhHEHET,TOH,4,C07PhHEHETTOH,NULL,NULL,NULL
C06PhMEMMD,TOM,8,C06PhMEMMDTOM,NULL,NULL,NULL
C06PhLTLSR,TOO,10,C06PhLTLSRTOO,NULL,NULL,NULL
C09MaGEATP,TRA,35,C09MaGEATPTRA,NULL,NULL,NULL
C10MaTRITT,TRB,34,C10MaTRITTTRB,NULL,NULL,NULL
C10MaTRITT,TRC,32,C10MaTRITTTRC,NULL,NULL,NULL
C08PhLTLTE,TRE,31,C08PhLTLTETRE+D24,NULL,NULL,NULL
C10MaTRITT,TRY,33,C10MaTRITTTRY,NULL,NULL,NULL
C09MaGETRI,TRZ,27,C09MaGETRITRZ,NULL,NULL,NULL
C08PhUNSAS,TST,39,C08PhUNSASTST,NULL,NULL,NULL
C08MaCGITG,TYD,58,C08MaCGITGTYD,NULL,NULL,NULL
C09PhMEREM,UMN,3,C09PhMEREMUMN,NULL,NULL,NULL
C06MaNSRAP,UNE,56,C06MaNSRAPUNE,NULL,NULL,NULL
C06PhEMFWM,UOM,24,C06PhEMFWMUOM,NULL,NULL,NULL
C07MaNSCOM,USF,37,C07MaNSCOMUSF,NULL,NULL,NULL
C06MaNSKTM,USG,4,C06MaNSKTMUSG,NULL,NULL,NULL
C06MaALITA,USH,50,C06MaALITAUSH,NULL,NULL,NULL
C10PhLTLRR,USM,5,C10PhLTLRRUSM,NULL,NULL,NULL
C09PhMEREM,VEL,5,C09PhMEREMVEL,NULL,NULL,NULL
C07MaGEVSS,VII,69,C07MaGEVSSVII,NULL,NULL,NULL
C08MaGEVSS,VIJ,41,C08MaGEVSSVIJ,NULL,NULL,NULL
C07MaGEVSS,VIK,68,C07MaGEVSSVIK,NULL,NULL,NULL
C09PhMEGRV,VOG,23,C09PhMEGRVVOG,NULL,NULL,NULL
C08MaMEMEN,VOL,48,C08MaMEMENVOL,NULL,NULL,NULL
C08PhLTLTE,VOT,29,C08PhLTLTEVOT,NULL,NULL,NULL
C09PhMEREM,VTG,8,C09PhMEREMVTG,NULL,NULL,NULL
C08PhMEFRN,WAF,10,C08PhMEFRNWAF,NULL,NULL,NULL
C09PhMEWPE,WCF,34,C09PhMEWPEWCF,NULL,NULL,NULL
C09PhMEGRV,WGT,26,C09PhMEGRVWGT,NULL,NULL,NULL
C07MaALSEQ,WHM,16,C07MaALSEQWHM,NULL,NULL,NULL
C07MaNSRNU,WHN,41,C07MaNSRNUWHN,NULL,NULL,NULL
C06PhMEMMD,WIM,1,C06PhMEMMDWIM,NULL,NULL,NULL
C08PhMESND,WIS,12,C08PhMESNDWIS,NULL,NULL,NULL
C09PhMEWPE,WOC,33,C09PhMEWPEWOC,NULL,NULL,NULL
C09PhMEWPE,WRK,32,C09PhMEWPEWRK,NULL,NULL,NULL
C09MaALPOL,ZEO,9,C09MaALPOLZEO,NULL,NULL,NULL
C10MtVTCLS,MIS,1,C10MtVTCLSMIS,NULL,NULL,NULL
C10MtVTPDT,MIS,2,C10MtVTPDTMIS,NULL,NULL,NULL
C10MtVTSLM,MIS,3,C10MtVTSLMMIS,NULL,NULL,NULL
C10MtVTTES,MIS,4,C10MtVTTESMIS,NULL,NULL,NULL
C10MtVTALP,MIS,5,C10MtVTALPMIS,NULL,NULL,NULL
C10MtVTPUT,MIS,6,C10MtVTPUTMIS,NULL,NULL,NULL
C10MtVTSCT,MIS,7,C10MtVTSCTMIS,NULL,NULL,NULL
C10MtVTDRT,MIS,8,C10MtVTDRTMIS,NULL,NULL,NULL
C10MtVTLVD,MIS,9,C10MtVTLVDMIS,NULL,NULL,NULL
C10MtVTART,MIS,10,C10MtVTARTMIS,NULL,NULL,NULL
C10MtVTMEO,MIS,11,C10MtVTMEOMIS,NULL,NULL,NULL
C10MtVTCAC,MIS,12,C10MtVTCACMIS,NULL,NULL,NULL
C10MtVTBOR,MIS,13,C10MtVTBORMIS,NULL,NULL,NULL
C10MtVTIMC,MIS,14,C10MtVTIMCMIS,NULL,NULL,NULL
C10MtVTLSW,MIS,15,C10MtVTLSWMIS,NULL,NULL,NULL
C10MtVTANR,MIS,16,C10MtVTANRMIS,NULL,NULL,NULL
C10MtVTANA,MIS,17,C10MtVTANAMIS,NULL,NULL,NULL
C10MtVTCOD,MIS,18,C10MtVTCODMIS,NULL,NULL,NULL
C10MtNTCLS,MIS,19,C10MtNTCLSMIS,NULL,NULL,NULL
C10MtNTSER,MIS,20,C10MtNTSERMIS,NULL,NULL,NULL
C10MtNTPCD,MIS,21,C10MtNTPCDMIS,NULL,NULL,NULL
C10MtNTWAI,MIS,22,C10MtNTWAIMIS,NULL,NULL,NULL
C10MtNTMII,MIS,23,C10MtNTMIIMIS,NULL,NULL,NULL
C10MtNTFPC,MIS,24,C10MtNTFPCMIS,NULL,NULL,NULL
C10MtNTTPF,MIS,25,C10MtNTTPFMIS,NULL,NULL,NULL
C10MtNTANA,MIS,26,C10MtNTANAMIS,NULL,NULL,NULL
C10MtNTATR,MIS,27,C10MtNTATRMIS,NULL,NULL,NULL
C10MtNTEBF,MIS,28,C10MtNTEBFMIS,NULL,NULL,NULL
C10MtNTICF,MIS,29,C10MtNTICFMIS,NULL,NULL,NULL
C10MtNTDFS,MIS,30,C10MtNTDFSMIS,NULL,NULL,NULL
C10MtNTFFA,MIS,31,C10MtNTFFAMIS,NULL,NULL,NULL
C10SSHSAIN,MIA,1,C10SSHSAINMIA,NULL,NULL,NULL
C10SSHSMIN,MIB,2,C10SSHSMINMIB,NULL,NULL,NULL
C10SSHSMON,MIC,3,C10SSHSMONMIC,NULL,NULL,NULL
C10SSHSWHI,MID,4,C10SSHSWHIMID,NULL,NULL,NULL
C10SSGEGGE,MIE,5,C10SSGEGGEMIE,NULL,NULL,NULL
C10SSGEIGE,MIF,6,C10SSGEIGEMIF,NULL,NULL,NULL
C10SSGEWGE,MIG,7,C10SSGEWGEMIG,NULL,NULL,NULL
C10SSECIEC,MIH,8,C10SSECIECMIH,NULL,NULL,NULL
C10SSPSICD,MII,9,C10SSPSICDMII,NULL,NULL,NULL
C10SSPSGCS,MIJ,10,C10SSPSGCSMIJ,NULL,NULL,NULL
C10SSPSIJU,MIK,11,C10SSPSIJUMIK,NULL,NULL,NULL
C10SSPSPRP,MIL,12,C10SSPSPRPMIL,NULL,NULL,NULL
